mean_fit_time,std_fit_time,mean_score_time,std_score_time,param_n_estimators,params,split0_test_score,split1_test_score,split2_test_score,mean_test_score,std_test_score,rank_test_score
0.022951285044352215,0.009012342331802778,0.002225001653035482,0.0002041283878022845,8,{'n_estimators': 8},0.8231883505278372,0.7857552712635072,0.8137973506286932,0.8075803241400125,0.01590172777977541,6
0.0381770133972168,0.010341313413010656,0.0013347466786702473,0.0018876168553079076,16,{'n_estimators': 16},0.8356038895842617,0.8008352723479302,0.8288336447838212,0.8217576022386709,0.015050292792439034,5
0.0559388001759847,0.006401914199387313,0.012236356735229492,0.003927334878763605,32,{'n_estimators': 32},0.8429149296986644,0.8000603696701845,0.83453100699312,0.8258354354539895,0.018544326214105653,4
0.13181440035502115,0.011362671536875665,0.012404521306355795,0.0033786045758066154,64,{'n_estimators': 64},0.8467423561888566,0.8089314984058857,0.8314963225456721,0.8290567257134714,0.015532309682267152,3
0.28877687454223633,0.05012883001606425,0.02463841438293457,0.011322141041128721,128,{'n_estimators': 128},0.8454153265071083,0.8082996682328616,0.8365316495150615,0.8300822147516772,0.01582380967314819,2
0.6248009999593099,0.14511100305824215,0.04952685038248698,0.00308940675393614,256,{'n_estimators': 256},0.8459366290169621,0.8073250702273884,0.83706415689885,0.8301086187144002,0.016512576048105094,1
